{"current_contact_id": {"value": 94, "weight": 24, "timestamp": 1771317361.436525}, "intent_sales_inquiry": {"value": "1771317211.336545", "weight": 10, "timestamp": 1771317211.3365486}}