{"current_contact_id": {"value": 19, "weight": 24, "timestamp": 1771242873.7438402}, "intent_sales_inquiry": {"value": "1771236227.4046109", "weight": 10, "timestamp": 1771236227.404616}, "intent_debt_inquiry": {"value": "1771242873.2508926", "weight": 10, "timestamp": 1771242873.250903}}